Metric,Before,After
Average Delay (s/veh),22.500000000000004,5.0
Stops per vehicle,0.5000000000000001,0.08333333333333336
Objective score,46.50000000000001,7.500000000000001
